연도,순위,팀명,ERA,G,W,L,SV,HLD,WPCT,IP,H,HR,BB,HBP,SO,R,ER,WHIP,CG,SHO,QS,BSV,TBF,NP,AVG,2B,3B,SAC,SF,IBB,WP,BK
2001,1,현대,4.34,133,72,57,39,23,0.558,1183 1/3,1250,98,531,54,757,628,570,1.51,6,3,56,0,5218,20097,0.277,219,26,78,37,8,54,1
2001,2,SK,4.38,133,60,71,33,22,0.458,1171 1/3,1148,155,508,65,908,640,570,1.41,11,8,61,0,5110,19710,0.259,217,9,76,34,31,54,1
2001,3,삼성,4.39,133,81,52,43,20,0.609,1187 1/3,1195,132,561,61,844,644,579,1.48,7,6,51,0,5243,20128,0.265,207,13,76,37,20,38,8
2001,4,롯데,4.68,133,59,70,33,28,0.457,1171 2/3,1238,128,523,61,790,670,609,1.5,0,3,43,0,5189,19593,0.276,251,22,86,38,23,53,2
2001,5,한화,4.82,133,61,68,25,33,0.473,1185,1288,142,541,66,813,733,634,1.54,7,5,49,0,5331,20774,0.28,238,26,73,45,44,57,5
2001,6,두산,4.96,133,65,63,35,40,0.508,1180 1/3,1290,128,546,60,799,733,650,1.56,1,3,27,0,5282,20071,0.284,196,23,85,48,17,47,0
2001,7,KIA,5.01,133,60,68,28,16,0.469,1178 2/3,1231,160,499,79,743,727,656,1.47,10,6,35,0,5207,19799,0.272,212,16,71,36,17,51,3
2001,8,LG,5.09,133,58,67,26,27,0.464,1184 2/3,1253,127,647,69,765,732,670,1.6,0,3,43,0,5380,21119,0.277,204,23,99,46,43,52,6
2002,1,삼성,3.92,133,82,47,37,22,0.636,1197 2/3,1182,148,385,74,987,581,521,1.31,2,8,45,0,5089,19535,0.262,214,22,80,33,16,45,3
2002,2,KIA,3.92,133,78,51,38,30,0.605,1195,1185,151,370,97,862,580,520,1.3,10,7,55,0,5106,19112,0.26,159,12,54,34,14,55,2
2002,3,LG,3.93,133,66,61,32,40,0.52,1190 2/3,1119,135,501,100,896,575,520,1.36,2,9,38,0,5145,20432,0.252,185,19,74,26,30,40,5
2002,4,두산,3.93,133,66,65,38,43,0.504,1183,1139,99,479,60,954,562,517,1.37,3,6,60,0,5087,19237,0.257,187,23,77,33,30,44,2
2002,5,현대,4.23,133,70,58,38,36,0.547,1186 1/3,1219,142,416,64,890,614,558,1.38,3,6,49,0,5131,19927,0.268,230,10,64,32,12,54,5
2002,6,SK,4.47,133,61,69,25,15,0.469,1179,1150,176,402,78,948,638,586,1.32,5,7,54,0,5074,19578,0.255,209,15,55,23,34,34,3
2002,7,롯데,4.72,133,35,97,13,19,0.265,1168,1269,130,443,83,775,710,612,1.47,5,7,49,0,5156,19635,0.281,266,28,70,45,16,40,1
2002,8,한화,4.79,133,59,69,32,32,0.461,1184 2/3,1254,146,392,102,953,672,631,1.39,8,5,54,0,5198,20061,0.272,229,25,62,38,29,42,4
2003,1,KIA,3.62,133,78,50,36,34,0.609,1178,1092,137,414,101,820,527,474,1.28,12,10,65,0,4999,19162,0.25,178,10,88,30,12,42,1
2003,2,LG,3.98,133,60,71,37,51,0.458,1169 2/3,1201,120,531,60,794,579,517,1.48,2,10,48,0,5166,20403,0.271,185,23,116,34,27,49,2
2003,3,현대,4.13,133,80,51,39,43,0.611,1190,1245,120,457,62,840,627,546,1.43,2,4,58,0,5197,20181,0.273,229,17,92,33,6,56,2
2003,4,두산,4.24,133,57,74,30,53,0.435,1175 2/3,1194,105,464,79,654,619,554,1.41,7,7,52,0,5144,19144,0.268,208,18,105,43,22,37,3
2003,5,삼성,4.37,133,76,53,30,41,0.589,1183,1199,133,494,59,808,613,574,1.43,2,5,45,0,5150,19834,0.268,222,24,95,29,15,46,3
2003,6,한화,4.37,133,63,65,35,31,0.492,1192,1184,142,437,68,772,617,579,1.36,4,8,54,0,5165,19888,0.261,222,14,82,45,14,53,9
2003,7,SK,4.44,133,66,64,43,48,0.508,1181 1/3,1190,135,497,83,759,642,583,1.43,3,10,44,0,5158,19830,0.267,212,21,84,32,19,42,2
2003,8,롯데,5.01,133,39,91,22,58,0.3,1164 1/3,1302,171,435,93,647,709,648,1.49,3,4,44,0,5173,19413,0.289,259,22,93,40,16,36,3
2004,1,삼성,3.76,133,73,52,42,74,0.584,1196 1/3,1092,118,505,85,994,564,500,1.33,4,9,52,0,5138,20237,0.247,181,13,87,34,17,43,6
2004,2,두산,3.88,133,70,62,38,47,0.53,1177 2/3,1144,95,457,75,799,560,508,1.36,4,12,54,0,5056,19198,0.26,177,15,84,40,18,49,3
2004,3,현대,4.06,133,75,53,36,32,0.586,1187,1193,123,440,59,842,590,535,1.38,3,8,70,0,5135,20159,0.263,232,16,69,25,0,41,4
2004,4,롯데,4.22,133,50,72,29,46,0.41,1190 1/3,1216,109,449,76,753,608,558,1.4,4,8,49,0,5160,19578,0.272,220,13,105,53,41,43,3
2004,5,LG,4.31,133,59,70,35,64,0.457,1164 1/3,1235,116,543,64,783,637,557,1.53,3,6,46,0,5180,20349,0.277,207,17,76,42,31,55,1
2004,6,SK,4.4,133,61,64,29,49,0.488,1186 1/3,1173,116,538,110,891,644,580,1.44,3,6,39,0,5216,20469,0.263,208,13,79,25,18,57,8
2004,7,KIA,4.51,133,67,61,27,24,0.523,1183,1198,119,496,120,773,637,593,1.43,5,9,49,0,5199,19717,0.268,213,22,77,39,13,48,1
2004,8,한화,5.21,133,53,74,37,36,0.417,1180 2/3,1290,170,455,92,699,750,683,1.48,3,0,48,0,5267,19697,0.282,215,12,95,44,18,47,2
2005,1,SK,3.41,126,70,50,27,50,0.583,1137,1005,103,422,99,843,485,431,1.26,2,10,50,0,4822,18822,0.24,160,11,88,23,14,31,1
2005,2,두산,3.42,126,72,51,33,51,0.585,1125,1038,90,440,77,818,465,427,1.31,2,14,55,0,4774,18006,0.251,148,6,82,33,13,56,2
2005,3,삼성,3.83,126,74,48,37,62,0.607,1129 1/3,1026,109,387,79,875,528,480,1.25,2,7,40,0,4791,18580,0.244,197,21,93,23,11,49,5
2005,4,롯데,4.3,126,58,67,33,24,0.464,1120 1/3,1097,91,408,89,817,573,535,1.34,2,6,58,0,4845,18373,0.26,191,17,98,26,41,44,1
2005,5,한화,4.41,126,64,61,36,43,0.512,1111,1193,111,389,88,662,603,545,1.42,2,6,55,0,4870,18413,0.279,187,16,79,45,9,35,2
2005,6,현대,4.68,126,53,70,28,22,0.431,1115 2/3,1175,125,422,80,803,647,580,1.43,2,9,47,0,4930,18926,0.273,205,21,85,33,2,43,3
2005,7,KIA,4.81,126,49,76,24,26,0.392,1105,1166,138,510,119,786,659,591,1.52,8,5,41,0,4975,19287,0.276,200,7,91,33,16,59,3
2005,8,LG,4.9,126,54,71,31,59,0.432,1102 1/3,1212,109,480,80,781,666,600,1.53,3,7,50,0,4969,19542,0.283,200,18,88,40,27,48,5
2006,1,KIA,3.33,126,64,59,35,29,0.52,1118 1/3,998,73,442,78,735,451,414,1.29,2,9,49,8,4725,18216,0.243,172,7,81,23,17,44,2
2006,2,삼성,3.33,126,73,50,49,65,0.593,1118,1030,100,365,63,781,471,414,1.25,1,15,56,9,4699,18038,0.249,185,10,98,28,9,21,7
2006,3,한화,3.35,126,67,57,41,47,0.54,1121 1/3,1077,94,373,49,760,475,418,1.29,11,14,56,10,4731,17764,0.257,166,11,94,18,17,37,2
2006,4,두산,3.36,126,63,60,39,29,0.512,1115 2/3,968,69,424,69,834,467,416,1.25,7,10,67,8,4690,17927,0.24,158,18,117,47,13,55,1
2006,5,현대,3.41,126,70,55,41,45,0.56,1114 2/3,1053,69,394,71,816,467,422,1.3,2,15,67,8,4771,18458,0.251,172,18,82,23,0,39,0
2006,6,SK,3.8,126,60,65,33,52,0.48,1124,1071,85,446,83,701,535,475,1.35,0,6,47,11,4819,18300,0.259,172,11,119,33,24,26,2
2006,7,롯데,3.86,126,50,73,28,34,0.407,1118 2/3,1128,83,410,60,637,541,480,1.37,5,9,64,18,4822,18088,0.268,210,12,100,38,30,30,1
2006,8,LG,4.22,126,47,75,29,53,0.385,1110,1144,87,439,60,625,574,521,1.43,3,10,51,12,4834,18397,0.273,188,22,115,33,23,41,3
2007,1,SK,3.24,126,73,48,36,77,0.603,1139 1/3,1079,77,445,67,650,465,410,1.34,1,10,58,9,4852,18425,0.256,141,7,94,32,27,28,1
2007,2,두산,3.44,126,70,54,30,42,0.565,1131 1/3,1067,74,399,75,721,480,432,1.3,6,14,57,11,4814,18464,0.252,187,17,79,34,24,43,4
2007,3,한화,3.54,126,67,57,39,36,0.54,1119,1084,84,451,53,741,481,440,1.37,9,5,66,12,4781,18314,0.261,182,6,82,36,24,38,4
2007,4,삼성,3.71,126,62,60,41,51,0.508,1131 2/3,1091,90,400,58,719,509,466,1.32,0,11,42,6,4824,18606,0.258,187,20,94,46,7,35,5
2007,5,롯데,4.12,126,55,68,22,24,0.447,1120 2/3,1164,93,414,69,704,554,513,1.41,2,9,59,12,4871,18425,0.274,184,19,95,43,40,46,4
2007,6,LG,4.33,126,58,62,34,58,0.483,1135 2/3,1181,63,514,52,630,600,547,1.49,2,9,58,16,5014,19341,0.275,215,27,105,55,21,48,2
2007,7,현대,4.41,126,56,69,27,46,0.448,1127,1104,119,466,48,796,615,552,1.39,1,2,44,11,4906,18861,0.259,192,21,91,32,20,32,4
2007,8,KIA,4.49,126,51,74,26,27,0.408,1109 2/3,1109,103,526,97,670,602,554,1.47,2,6,43,6,4933,18852,0.266,244,17,93,39,28,60,7
2008,1,SK,3.22,126,83,43,43,72,0.659,1151,1053,78,448,55,801,461,412,1.3,1,10,52,16,4855,18607,0.248,127,14,70,32,13,35,2
2008,2,롯데,3.64,126,69,57,27,38,0.548,1119,1134,70,409,47,671,518,453,1.38,9,5,68,11,4769,17361,0.27,196,22,78,40,32,42,2
2008,3,두산,3.89,126,70,56,26,37,0.556,1134 2/3,1115,78,379,69,780,542,490,1.32,0,8,41,14,4857,18259,0.259,192,29,66,45,13,45,5
2008,4,KIA,4.08,126,57,69,29,26,0.452,1124,1078,65,473,77,733,555,510,1.38,3,9,58,10,4850,18391,0.256,180,19,50,42,9,52,5
2008,5,삼성,4.4,126,65,61,40,48,0.516,1123 1/3,1184,87,416,43,703,596,549,1.42,0,6,27,7,4867,18532,0.275,209,18,54,41,4,49,4
2008,6,한화,4.43,126,64,62,36,39,0.508,1129 2/3,1136,95,519,49,723,595,556,1.47,3,5,44,10,4911,18991,0.269,174,16,74,46,28,37,4
2008,7,우리,4.43,126,50,76,29,36,0.397,1125 1/3,1159,91,465,70,729,609,554,1.44,4,10,57,15,4933,18768,0.269,209,29,52,39,20,46,2
2008,8,LG,4.85,126,46,80,25,40,0.365,1108 1/3,1239,82,480,72,631,646,597,1.55,1,9,42,10,4976,18608,0.288,225,41,77,39,4,46,3
2009,1,SK,3.67,133,80,47,33,34,0.63,1213,1141,130,519,54,1032,550,494,1.37,2,4,54,10,5203,20394,0.252,154,17,64,31,34,68,3
2009,2,KIA,3.92,133,81,48,38,36,0.628,1199,1178,108,441,83,893,581,522,1.35,4,10,62,14,5176,19699,0.258,214,17,52,34,22,22,2
2009,3,두산,4.6,133,71,60,32,59,0.542,1186 1/3,1221,120,515,75,862,662,607,1.46,1,6,27,15,5205,19936,0.272,222,28,73,47,7,55,3
2009,4,롯데,4.75,133,66,67,40,37,0.496,1162 1/3,1290,139,487,67,722,669,613,1.53,6,13,52,7,5165,18777,0.287,241,14,67,42,35,49,3
2009,5,삼성,4.98,133,64,69,32,45,0.481,1163 2/3,1226,141,609,56,905,700,644,1.58,3,2,45,14,5209,20355,0.278,225,24,80,51,9,67,1
2009,6,히어로즈,5.4,133,60,72,29,32,0.455,1174 1/3,1231,176,565,61,840,762,705,1.53,0,5,44,14,5221,20576,0.274,251,15,73,33,19,51,5
2009,7,LG,5.42,133,54,75,25,38,0.419,1175,1316,165,585,91,777,763,707,1.62,0,3,44,11,5339,20615,0.29,241,20,85,43,10,56,1
2009,8,한화,5.7,133,46,84,16,34,0.354,1174,1335,176,569,77,908,805,743,1.62,4,2,32,9,5346,20758,0.292,205,23,65,56,28,56,5
2010,1,SK,3.71,133,84,47,36,39,0.641,1198 1/3,1074,117,543,47,1091,545,494,1.35,2,11,53,9,5114,20297,0.243,155,17,85,22,27,80,2
2010,2,삼성,3.94,133,79,52,33,44,0.603,1193 2/3,1168,103,453,54,951,575,523,1.36,2,7,35,12,5119,19811,0.26,203,20,84,38,11,61,3
2010,3,KIA,4.39,133,59,74,25,40,0.444,1183 2/3,1227,93,468,81,885,641,577,1.43,4,7,54,26,5205,20067,0.272,232,14,102,35,19,53,4
2010,4,넥센,4.55,133,52,78,27,39,0.4,1185 2/3,1162,122,614,95,832,652,599,1.5,1,2,42,12,5231,21053,0.265,201,16,93,48,17,66,3
2010,5,두산,4.62,133,73,57,30,56,0.562,1179 2/3,1190,135,437,85,888,669,606,1.38,2,7,50,12,5131,19681,0.266,194,23,89,47,6,58,2
2010,6,롯데,4.82,133,69,61,21,37,0.531,1194,1291,149,419,78,779,710,640,1.43,7,6,63,14,5204,19218,0.282,227,20,89,37,41,49,3
2010,7,LG,5.23,133,57,71,31,59,0.445,1188,1279,125,560,104,793,746,690,1.55,3,8,34,19,5326,20443,0.284,209,14,106,52,23,74,6
2010,8,한화,5.43,133,49,82,24,28,0.374,1169 1/3,1290,146,551,72,806,763,705,1.57,6,6,46,9,5267,20322,0.286,229,14,85,41,17,65,5
2011,1,삼성,3.35,133,79,50,48,74,0.612,1196 1/3,1191,92,395,38,841,513,445,1.33,1,12,65,8,5077,19378,0.263,183,19,87,30,8,40,5
2011,2,SK,3.59,133,71,59,37,63,0.546,1192 1/3,1001,93,541,65,1006,522,476,1.29,1,9,34,15,5032,20130,0.233,149,16,99,35,24,64,3
2011,3,KIA,4.1,133,70,63,29,37,0.526,1163 2/3,1117,87,457,76,920,580,530,1.35,7,10,59,10,4991,19327,0.257,207,18,92,25,14,51,6
2011,4,LG,4.15,133,59,72,30,50,0.45,1193 2/3,1173,80,512,71,827,620,550,1.41,2,11,57,15,5209,19771,0.261,206,28,98,34,20,52,6
2011,5,롯데,4.2,133,72,56,27,45,0.563,1187,1256,113,430,58,787,619,554,1.42,3,6,67,15,5114,19624,0.28,202,13,102,31,19,62,4
2011,6,두산,4.26,133,61,70,34,46,0.466,1188 2/3,1231,96,476,75,855,619,563,1.44,4,7,51,12,5170,20081,0.276,198,30,110,45,19,70,6
2011,7,넥센,4.36,133,51,80,30,66,0.389,1171 1/3,1167,81,601,76,830,622,568,1.51,0,10,44,13,5195,20610,0.268,194,20,115,46,16,73,1
2011,8,한화,5.11,133,59,72,26,36,0.45,1175,1273,128,524,55,938,727,667,1.53,4,6,44,12,5280,20442,0.278,223,18,79,44,10,91,2
2012,1,삼성,3.39,133,80,51,39,71,0.611,1187 2/3,1085,65,384,37,885,473,448,1.24,3,13,67,5,4941,19074,0.247,196,21,82,43,14,46,5
2012,2,롯데,3.48,133,65,62,39,63,0.512,1190 1/3,1145,74,469,53,825,518,460,1.36,3,9,57,15,5070,19536,0.259,162,7,96,30,20,65,1
2012,3,두산,3.58,133,68,62,38,47,0.523,1193 1/3,1053,66,491,57,802,519,475,1.29,9,12,80,14,5012,19215,0.243,198,23,99,34,17,57,4
2012,4,SK,3.82,133,71,59,40,69,0.546,1181 1/3,1114,90,457,70,814,528,502,1.33,0,10,54,15,5007,19078,0.256,201,19,92,32,26,35,7
2012,5,넥센,3.83,133,61,69,36,34,0.469,1187 1/3,1131,80,535,74,853,551,505,1.4,3,6,64,11,5116,19743,0.259,202,18,104,43,9,62,0
2012,6,KIA,3.9,133,62,65,27,33,0.488,1183 2/3,1161,69,452,68,822,564,513,1.36,11,15,74,18,5101,19344,0.262,229,23,112,38,13,56,6
2012,7,LG,4.02,133,57,72,35,64,0.442,1202,1235,65,422,71,735,580,537,1.38,1,11,48,10,5188,19186,0.272,203,35,116,41,23,57,6
2012,8,한화,4.55,133,53,77,29,54,0.408,1172 1/3,1148,106,488,68,936,647,593,1.4,3,6,60,12,5092,19601,0.263,186,14,121,47,18,82,3
2013,1,LG,3.72,128,74,54,42,86,0.578,1134 2/3,1131,74,406,87,822,510,469,1.35,4,9,55,11,4848,18714,0.266,183,20,59,38,27,46,2
2013,2,롯데,3.93,128,66,58,38,64,0.532,1149 1/3,1148,84,489,62,820,553,502,1.42,1,11,68,21,4986,19418,0.267,180,13,94,36,15,45,0
2013,3,NC,3.96,128,52,72,26,31,0.419,1144 1/3,1077,96,458,94,857,551,503,1.34,5,5,74,21,4919,19087,0.254,176,15,84,50,13,60,6
2013,4,삼성,3.98,128,75,51,31,49,0.595,1146 2/3,1119,98,411,60,955,545,507,1.33,2,5,70,7,4896,19250,0.259,194,21,70,29,12,44,4
2013,5,넥센,4.12,128,72,54,50,70,0.571,1146 1/3,1160,75,503,84,860,576,525,1.45,0,7,53,12,4996,19638,0.27,202,21,71,37,8,52,3
2013,6,SK,4.16,128,62,63,31,38,0.496,1139,1091,101,505,70,878,571,527,1.4,4,8,65,17,4932,19108,0.257,217,12,75,42,15,66,5
2013,7,두산,4.57,128,71,54,30,42,0.568,1150 1/3,1183,84,514,76,848,625,584,1.48,1,8,44,17,5043,19707,0.272,207,30,67,39,10,55,6
2013,8,KIA,5.12,128,51,74,32,50,0.408,1142 1/3,1307,88,532,76,923,711,650,1.61,2,3,48,12,5200,20309,0.293,259,28,79,48,12,73,6
2013,9,한화,5.31,128,42,85,22,34,0.331,1129,1195,98,532,95,822,711,666,1.53,2,2,34,8,5073,19471,0.276,227,32,78,43,17,89,8
2014,1,NC,4.29,128,70,57,31,59,0.551,1135 2/3,1174,117,481,73,848,608,541,1.46,3,4,59,19,5003,19320,0.271,223,12,78,38,8,50,5
2014,2,삼성,4.52,128,78,47,35,65,0.624,1144,1217,120,395,61,996,621,575,1.41,3,6,63,18,4990,19628,0.275,257,24,66,40,11,51,3
2014,3,LG,4.58,128,62,64,35,65,0.492,1142 2/3,1211,104,419,95,810,643,581,1.43,2,9,47,21,5028,19440,0.275,195,27,72,44,25,51,1
2014,4,롯데,5.19,128,58,69,28,64,0.457,1133 1/3,1310,127,471,52,781,719,654,1.57,0,4,46,14,5092,19761,0.295,250,26,82,42,13,54,1
2014,5,넥센,5.25,128,78,48,35,55,0.619,1131 2/3,1299,142,516,61,901,716,660,1.6,0,3,43,12,5107,20728,0.293,231,18,57,36,2,55,4
2014,6,두산,5.43,128,59,68,19,61,0.465,1123 2/3,1311,121,450,58,840,733,678,1.57,4,2,42,14,5066,19670,0.295,243,29,63,55,4,56,4
2014,7,SK,5.51,128,61,65,26,44,0.484,1129 1/3,1271,153,522,68,837,760,692,1.59,2,3,41,15,5112,20141,0.287,239,21,60,36,19,67,1
2014,8,KIA,5.82,128,54,74,26,40,0.422,1121 2/3,1289,116,561,67,896,788,725,1.65,2,5,42,21,5143,20272,0.293,252,32,66,52,8,78,1
2014,9,한화,6.35,128,49,77,26,30,0.389,1129,1451,162,537,81,748,889,796,1.76,2,3,37,11,5312,20365,0.318,265,48,69,59,14,83,3
2015,1,NC,4.26,144,84,57,37,55,0.596,1279 1/3,1283,149,436,113,1057,655,605,1.34,1,11,55,11,5536,21650,0.264,221,17,79,50,13,60,3
2015,2,LG,4.62,144,64,78,25,44,0.451,1279 2/3,1352,125,490,98,1063,721,657,1.44,3,5,57,15,5599,21661,0.277,227,26,91,37,30,82,3
2015,3,삼성,4.69,144,88,56,34,60,0.611,1275 1/3,1323,182,423,64,1194,716,665,1.37,4,7,75,10,5523,21832,0.268,270,17,67,37,11,44,2
2015,4,SK,4.71,144,69,73,31,60,0.486,1280 2/3,1358,153,517,70,1149,724,670,1.46,3,7,57,12,5646,22190,0.275,270,11,77,38,31,71,4
2015,5,KIA,4.79,144,67,77,32,65,0.465,1273,1371,143,572,98,979,739,678,1.53,1,10,44,17,5673,22126,0.283,252,31,101,49,22,80,4
2015,6,넥센,4.91,144,78,65,29,44,0.545,1286,1404,146,518,81,1066,790,701,1.49,1,7,49,11,5709,22181,0.281,236,28,70,45,8,85,4
2015,7,두산,5.02,144,79,65,30,57,0.549,1286,1385,138,584,77,1064,776,718,1.53,3,10,58,18,5762,22557,0.28,248,22,104,45,15,72,11
2015,8,롯데,5.07,144,66,77,19,47,0.462,1281 1/3,1461,164,489,87,1015,802,722,1.52,3,5,59,18,5724,22356,0.291,253,13,76,49,26,89,3
2015,9,한화,5.11,144,68,76,32,44,0.472,1279 2/3,1349,157,648,96,920,800,727,1.56,5,7,37,14,5771,22825,0.275,232,12,82,45,38,85,9
2015,10,KT,5.56,144,52,91,16,31,0.364,1266 2/3,1518,154,577,87,1046,875,782,1.65,3,3,34,10,5799,22867,0.303,273,25,87,43,17,86,4
2016,1,두산,4.45,144,93,50,36,55,0.65,1287 2/3,1385,136,498,77,982,682,636,1.46,2,7,75,15,5658,22155,0.279,246,30,59,51,7,66,4
2016,2,NC,4.48,144,83,58,36,62,0.589,1286 1/3,1314,137,516,86,1147,690,640,1.42,0,10,42,13,5643,22029,0.266,208,18,53,40,2,84,7
2016,3,SK,4.87,144,69,75,31,43,0.479,1274,1386,151,527,76,945,784,689,1.5,1,5,60,12,5659,21558,0.28,232,22,61,48,18,65,7
2016,4,넥센,4.96,144,77,66,38,74,0.538,1280 1/3,1487,152,435,68,895,757,705,1.5,0,4,45,17,5684,21627,0.294,249,27,66,59,3,50,3
2016,5,KIA,4.97,144,70,73,38,74,0.49,1276,1456,131,561,59,965,785,705,1.58,7,5,58,21,5771,22527,0.29,230,23,75,54,18,69,7
2016,6,LG,5.04,144,71,71,34,75,0.5,1287 2/3,1426,122,539,109,909,807,721,1.53,2,5,53,16,5782,22100,0.284,243,23,64,56,27,84,1
2016,7,롯데,5.63,144,66,78,27,59,0.458,1266 1/3,1486,161,585,78,1009,865,792,1.64,2,5,50,18,5785,22761,0.297,276,32,60,52,27,82,5
2016,8,삼성,5.64,144,65,78,34,60,0.455,1282 1/3,1507,193,518,87,935,869,804,1.58,2,4,49,18,5799,22623,0.296,251,20,59,43,6,52,8
2016,9,한화,5.76,144,66,75,24,39,0.468,1292 2/3,1520,155,634,76,976,908,827,1.67,1,2,25,13,5937,23157,0.299,230,15,81,59,23,72,6
2016,10,KT,5.92,144,53,89,27,48,0.373,1273,1593,145,560,84,980,927,838,1.69,1,2,38,15,5896,23328,0.31,315,38,73,45,9,77,9
2017,1,LG,4.3,144,69,72,32,66,0.489,1279,1305,124,379,102,1040,677,611,1.32,4,6,62,18,5507,21107,0.266,249,29,57,54,31,81,3
2017,2,두산,4.38,144,84,57,35,46,0.596,1288,1405,125,464,87,956,678,627,1.45,3,9,69,13,5682,22169,0.28,234,31,77,39,11,54,4
2017,3,롯데,4.56,144,80,62,39,59,0.563,1287 1/3,1357,162,477,79,1096,701,652,1.42,1,10,61,21,5634,21978,0.273,245,20,51,50,25,67,7
2017,4,NC,4.71,144,79,62,32,51,0.56,1284 2/3,1342,169,470,93,1097,745,673,1.41,1,10,48,11,5640,22176,0.269,208,9,63,29,12,93,3
2017,5,KIA,4.79,144,87,56,33,46,0.608,1290,1518,137,434,77,985,743,687,1.51,5,5,75,18,5748,22223,0.295,255,21,52,46,22,69,4
2017,6,SK,5.02,144,75,68,30,64,0.524,1270 2/3,1443,154,481,105,940,767,709,1.51,2,4,57,24,5692,21752,0.288,271,17,58,36,35,61,7
2017,7,넥센,5.03,144,69,73,40,66,0.486,1271,1488,149,388,97,1005,764,710,1.48,2,5,60,18,5663,21258,0.292,280,21,47,40,10,56,3
2017,8,한화,5.28,144,61,81,31,49,0.43,1273,1474,166,446,100,914,820,747,1.51,1,5,54,21,5698,22066,0.293,278,16,71,57,13,77,4
2017,9,KT,5.75,144,50,94,22,41,0.347,1256,1524,174,433,95,913,876,803,1.56,4,7,49,18,5702,21518,0.301,283,27,68,49,11,77,6
2017,10,삼성,5.88,144,55,84,27,34,0.396,1281 1/3,1541,187,548,118,1063,911,837,1.63,1,3,43,12,5916,23196,0.3,281,28,56,59,15,74,4
2018,1,SK,4.67,144,78,65,29,63,0.545,1274 2/3,1353,189,425,74,1130,729,662,1.39,0,7,60,21,5563,21347,0.271,232,17,39,24,15,62,2
2018,2,한화,4.93,144,77,67,37,62,0.535,1274,1394,164,472,89,1124,761,698,1.46,0,5,45,13,5637,22342,0.279,246,13,29,46,9,78,7
2018,3,두산,4.98,144,93,51,41,56,0.646,1288 2/3,1401,154,476,109,1025,756,713,1.46,1,9,73,17,5700,21946,0.279,266,16,42,43,17,72,2
2018,4,넥센,5.08,144,75,69,32,72,0.521,1282,1442,178,416,98,1021,780,723,1.45,4,2,63,23,5646,21381,0.285,252,18,41,33,13,59,4
2018,5,삼성,5.19,144,68,72,33,56,0.486,1285 1/3,1477,185,441,107,1114,802,741,1.49,0,5,58,17,5740,22530,0.289,291,18,40,43,10,45,5
2018,6,LG,5.29,144,68,75,29,43,0.476,1268 2/3,1434,159,453,89,1058,816,746,1.49,3,7,64,17,5677,21711,0.285,266,19,45,50,13,72,4
2018,7,KT,5.34,144,59,82,24,45,0.418,1274 1/3,1580,194,409,84,1025,834,756,1.56,4,5,59,18,5743,21948,0.307,272,23,56,43,25,63,1
2018,8,롯데,5.37,144,68,74,29,64,0.479,1283 2/3,1410,166,548,73,1164,846,766,1.53,0,6,43,22,5788,22871,0.279,295,26,63,43,23,65,7
2018,9,KIA,5.4,144,70,74,26,43,0.486,1270 2/3,1511,181,445,69,1017,826,763,1.54,4,5,50,20,5708,21852,0.297,271,17,47,51,28,65,3
2018,10,NC,5.48,144,58,85,24,51,0.406,1264,1443,186,537,68,1010,844,769,1.57,1,4,45,20,5701,22506,0.289,248,20,45,51,17,92,6
2019,1,SK,3.48,144,88,55,51,92,0.615,1292 1/3,1240,99,436,50,1092,546,500,1.3,0,19,78,8,5463,20930,0.254,176,14,48,44,12,50,4
2019,2,두산,3.51,144,88,55,44,69,0.615,1283 2/3,1259,78,380,70,860,550,500,1.28,3,10,81,16,5434,20630,0.257,231,22,41,53,22,48,5
2019,3,키움,3.61,144,86,57,39,91,0.601,1279,1293,61,371,58,984,572,513,1.3,2,12,76,11,5427,20160,0.263,244,24,42,39,3,45,6
2019,4,LG,3.86,144,79,64,43,62,0.552,1283 1/3,1257,89,499,91,953,633,551,1.37,1,9,73,13,5555,20969,0.258,223,23,40,48,15,64,1
2019,5,NC,4.01,144,73,69,32,68,0.514,1284 1/3,1285,103,483,92,991,631,572,1.38,5,8,60,17,5578,21407,0.262,199,19,41,54,10,68,2
2019,6,KT,4.29,144,71,71,37,59,0.5,1277,1303,118,481,61,848,661,608,1.4,2,10,62,9,5533,20662,0.266,225,25,47,42,17,50,6
2019,7,삼성,4.64,144,60,83,29,60,0.42,1275 1/3,1332,125,523,70,924,731,658,1.45,4,8,54,15,5638,21721,0.269,253,37,40,56,9,49,5
2019,8,KIA,4.65,144,62,80,30,64,0.437,1264,1362,101,504,76,976,723,653,1.48,3,11,59,13,5614,21353,0.276,257,24,35,61,17,51,2
2019,9,한화,4.8,144,58,86,28,43,0.403,1268 2/3,1407,120,526,72,934,737,677,1.52,2,8,48,17,5656,21848,0.283,238,19,44,44,9,66,4
2019,10,롯데,4.83,144,48,93,16,47,0.34,1271,1407,120,546,71,1033,764,682,1.54,1,8,47,17,5729,21946,0.282,242,20,58,64,33,103,4
2020,1,두산,4.31,144,79,61,23,45,0.564,1285 2/3,1395,109,478,61,1046,695,616,1.46,1,13,63,15,5681,22408,0.276,258,25,48,41,22,52,4
2020,2,LG,4.37,144,79,61,29,67,0.564,1292 2/3,1344,123,493,86,1019,694,627,1.42,2,13,70,19,5655,21725,0.27,240,17,38,56,12,49,4
2020,3,키움,4.39,144,80,63,42,81,0.559,1280 1/3,1336,126,446,73,950,692,624,1.39,0,6,53,18,5556,21349,0.27,208,15,50,39,16,51,7
2020,4,KT,4.54,144,81,62,33,71,0.566,1290 1/3,1357,118,523,59,848,715,651,1.46,0,5,56,23,5680,21496,0.271,227,9,45,48,20,75,1
2020,5,NC,4.58,144,83,55,31,88,0.601,1296 2/3,1292,153,547,79,1049,714,660,1.42,0,7,59,19,5690,22362,0.26,199,15,53,35,10,65,7
2020,6,롯데,4.64,144,71,72,25,59,0.497,1277 1/3,1351,143,447,58,1002,720,659,1.41,1,16,59,18,5583,21520,0.271,241,17,51,40,25,62,4
2020,7,삼성,4.78,144,64,75,25,80,0.46,1272 1/3,1330,151,542,67,931,745,676,1.47,3,11,53,19,5634,22269,0.27,222,16,50,47,16,55,5
2020,8,KIA,5.13,144,73,71,33,79,0.507,1270,1399,120,559,70,1038,795,724,1.54,1,5,57,18,5681,22134,0.284,265,34,59,59,8,78,4
2020,9,한화,5.28,144,46,95,21,54,0.326,1265,1400,158,609,79,1019,820,742,1.59,1,6,40,15,5756,22882,0.282,240,18,51,57,22,76,5
2020,10,SK,5.57,144,51,92,20,53,0.357,1259 1/3,1343,162,670,84,953,846,780,1.6,1,3,47,19,5727,22729,0.275,225,17,41,46,12,85,5
2021,1,LG,3.57,144,72,58,32,81,0.554,1272 1/3,1126,80,545,98,1068,561,505,1.31,0,18,50,14,5453,21456,0.238,197,18,45,43,18,43,5
2021,2,KT,3.67,144,76,59,33,74,0.563,1264,1176,86,489,42,1062,584,515,1.32,2,6,76,16,5397,20893,0.246,184,13,46,48,18,56,1
2021,3,두산,4.26,144,71,65,28,61,0.522,1269 1/3,1295,104,587,73,1045,656,601,1.48,2,10,55,15,5631,22163,0.267,212,21,61,61,16,52,7
2021,4,삼성,4.3,144,76,59,46,80,0.563,1259,1297,131,530,51,1038,658,601,1.45,2,14,66,13,5536,21926,0.266,230,24,45,36,13,58,3
2021,5,키움,4.31,144,70,67,30,56,0.511,1263 1/3,1281,101,566,80,900,700,605,1.46,1,7,57,16,5599,21670,0.264,223,7,55,48,27,59,4
2021,6,NC,4.54,144,67,68,33,80,0.496,1256 2/3,1268,125,592,77,1055,697,634,1.48,3,10,53,18,5622,22346,0.26,231,15,34,41,14,75,8
2021,7,한화,4.65,144,49,83,21,62,0.371,1258 2/3,1208,115,673,101,1011,739,650,1.49,1,6,41,19,5672,22852,0.252,223,19,46,63,23,56,11
2021,8,SSG,4.82,144,66,64,25,56,0.508,1276 2/3,1296,149,629,78,1012,741,684,1.51,0,5,42,24,5706,22459,0.265,214,14,54,50,27,41,9
2021,9,KIA,4.89,144,58,76,36,94,0.433,1269,1286,134,622,104,951,752,690,1.5,1,6,39,16,5701,22375,0.265,214,16,58,63,5,59,9
2021,10,롯데,5.37,144,65,71,37,76,0.478,1271,1333,133,659,87,1054,808,758,1.57,1,12,46,15,5759,22835,0.271,253,16,53,40,19,102,5
2022,1,LG,3.33,144,87,55,43,107,0.613,1288,1179,94,451,59,1031,521,476,1.27,0,16,59,15,5432,20918,0.245,166,34,56,46,27,49,0
2022,2,KT,3.51,144,80,62,37,65,0.563,1287 1/3,1243,92,364,63,1074,562,502,1.25,1,8,81,13,5405,20356,0.254,188,19,54,38,22,43,3
2022,3,키움,3.79,144,80,62,48,84,0.563,1296 1/3,1247,96,490,70,1010,610,546,1.34,2,19,71,18,5579,21568,0.254,259,15,66,42,18,51,1
2022,4,SSG,3.87,144,88,52,45,68,0.629,1301 1/3,1223,130,457,65,1023,622,560,1.29,1,10,78,23,5533,21355,0.248,174,17,53,33,18,75,2
2022,5,NC,3.9,144,67,74,25,54,0.475,1286 2/3,1230,111,515,98,1168,642,557,1.36,0,11,58,15,5604,22069,0.252,218,18,60,42,10,80,5
2022,6,KIA,4.2,144,70,73,38,74,0.49,1279 2/3,1286,120,526,67,1042,679,597,1.42,0,7,64,18,5636,21803,0.261,233,22,75,45,20,56,2
2022,7,삼성,4.29,144,66,76,34,71,0.465,1287,1370,129,478,66,971,695,613,1.44,1,6,63,21,5678,22174,0.272,251,15,62,34,22,47,3
2022,8,두산,4.45,144,60,82,32,68,0.423,1279 1/3,1336,117,555,70,977,721,632,1.48,0,7,54,18,5700,22437,0.269,206,19,57,48,11,69,5
2022,9,롯데,4.45,144,64,76,34,69,0.457,1280 2/3,1373,84,492,80,1199,712,633,1.46,0,13,58,13,5686,21932,0.274,257,22,64,37,21,72,1
2022,10,한화,4.83,144,46,96,25,81,0.324,1268 1/3,1314,112,602,83,974,759,680,1.51,1,9,37,25,5710,22412,0.268,268,22,63,57,39,65,4
2023,1,LG,3.67,144,86,56,37,92, 3/5,1293 1/3,1266,74,491,76,977,610,527,1.36,0,9,50,18,5619,21814,0.256,215,17,64,42,15,47,5
2023,2,NC,3.83,144,75,67,33,88,0.528,1281 1/3,1160,99,513,62,1090,617,545,1.31,0,14,53,17,5493,21941,0.241,179,24,63,42,6,58,3
2023,3,두산,3.92,144,74,68,41,70,0.521,1284 2/3,1245,90,501,82,1013,625,560,1.36,0,9,64,17,5582,22142,0.255,239,17,79,39,12,60,3
2023,4,KT,3.94,144,79,62,39,61,0.56,1287,1326,83,413,50,968,616,564,1.35,0,12,64,14,5542,20672,0.268,213,22,81,54,22,63,4
2023,5,KIA,4.13,144,73,69,33,66,0.514,1269,1244,89,564,59,980,650,583,1.42,1,8,46,10,5558,21710,0.258,220,25,67,45,20,55,4
2023,6,롯데,4.15,144,68,76,35,82,0.472,1272 1/3,1328,80,532,82,1070,660,586,1.46,1,10,66,21,5653,22286,0.27,223,24,72,55,20,71,2
2023,7,SSG,4.37,144,76,65,46,71,0.539,1288 1/3,1354,104,612,67,974,698,626,1.53,1,7,57,21,5722,22881,0.275,216,14,59,52,20,61,3
2023,8,한화,4.38,144,58,80,20,68,0.42,1291 2/3,1292,101,518,103,1037,708,628,1.4,0,8,40,24,5682,22355,0.261,241,34,60,48,23,73,7
2023,9,키움,4.42,144,58,83,33,61,0.411,1288 1/3,1340,84,532,63,962,710,632,1.45,1,11,68,24,5704,21903,0.269,237,23,62,57,18,56,7
2023,10,삼성,4.6,144,61,82,38,69,0.427,1278 1/3,1414,120,464,52,899,728,654,1.47,1,5,63,17,5676,22135,0.28,238,22,66,51,19,51,7
2024,1,KIA,4.4,144,87,55,44,89,0.613,1288,1365,141,539,85,1125,759,629,1.48,4,7,40,20,5771,22472,0.269,238,20,33,34,13,51,3
2024,2,LG,4.63,144,76,66,34,65,0.535,1277,1375,126,529,80,1082,728,657,1.49,2,6,58,20,5696,22197,0.276,219,11,49,57,10,68,4
2024,3,삼성,4.68,144,78,64,41,116,0.549,1282 2/3,1384,164,477,81,980,719,667,1.45,2,11,47,25,5684,22342,0.276,225,23,47,62,18,58,2
2024,4,두산,4.82,144,74,68,41,87,0.521,1283 2/3,1332,135,585,92,1083,748,688,1.49,1,6,42,20,5767,22955,0.267,225,31,55,42,11,67,4
2024,5,한화,4.98,144,66,76,26,68,0.465,1274 2/3,1437,128,511,76,1130,780,706,1.53,0,10,45,19,5720,22519,0.285,235,25,48,49,10,66,4
2024,6,NC,5,144,61,81,22,65,0.43,1275 2/3,1389,137,531,67,1061,801,708,1.51,0,7,54,15,5694,22277,0.279,268,24,58,58,9,47,6
2024,7,롯데,5.05,144,66,74,30,58,0.471,1280 2/3,1442,139,523,75,1131,791,719,1.53,1,6,57,27,5767,22487,0.285,254,20,52,55,18,81,3
2024,8,KT,5.11,144,72,70,28,50,0.507,1284 1/3,1448,155,443,65,1118,804,729,1.47,0,5,48,18,5721,21723,0.284,259,35,49,65,22,57,5
2024,9,키움,5.16,144,58,86,23,48,0.403,1272 2/3,1416,150,497,88,921,796,729,1.5,0,3,57,16,5708,21556,0.282,260,26,43,64,15,64,7
2024,10,SSG,5.25,144,72,70,33,80,0.507,1269 2/3,1341,163,630,74,1195,814,740,1.55,0,8,40,19,5737,22705,0.271,198,14,48,42,24,57,4
2025,1,한화,3.55,144,83,57,41,57,0.593,1290 1/3,1185,102,450,93,1339,554,509,1.27,1,13,68,16,5478,21746,0.244,215,27,43,40,14,60,9
2025,2,SSG,3.63,144,75,65,36,102,0.536,1283 1/3,1164,115,510,78,1193,576,517,1.3,1,9,45,14,5463,21584,0.244,173,9,62,38,23,56,1
2025,3,LG,3.79,144,85,56,42,77,0.603,1279 1/3,1236,91,491,62,1080,584,539,1.35,1,11,69,15,5508,21562,0.254,227,19,50,38,12,44,2
2025,4,KT,4.09,144,71,68,37,60,0.511,1278 1/3,1362,112,433,58,1067,657,581,1.4,1,10,74,13,5584,21031,0.273,221,21,60,39,25,61,6
2025,5,삼성,4.12,144,74,68,25,76,0.521,1268 2/3,1257,132,455,70,1048,647,581,1.35,3,10,59,19,5491,21229,0.259,211,17,73,43,16,45,1
2025,6,두산,4.3,144,61,77,29,69,0.442,1280,1227,109,542,99,1054,686,612,1.38,0,7,52,29,5605,22028,0.253,223,23,72,47,23,72,1
2025,7,KIA,4.66,144,65,75,30,82,0.464,1274 2/3,1316,110,511,84,1058,734,660,1.43,1,6,58,21,5616,21595,0.268,244,21,59,55,19,53,2
2025,8,롯데,4.75,144,66,72,36,69,0.478,1280,1351,128,560,73,1173,749,676,1.49,0,7,52,20,5747,22224,0.27,265,22,54,50,11,69,5
2025,9,NC,4.82,144,71,67,39,103,0.514,1270,1279,146,621,97,1075,766,680,1.5,1,10,38,18,5704,22650,0.262,206,20,59,47,31,95,4
2025,10,키움,5.39,144,47,93,31,55,0.336,1269,1447,146,550,92,937,860,760,1.57,0,6,47,20,5800,22200,0.287,258,29,62,54,13,66,4
